Donor,Recipient,Donor_Entropy,Recipient_Entropy,Nb
ERR16054744,ERR16054754,0.5283727407590244,0.0,1.0
ERR16054752,ERR16054748,0.5612315377442694,0.5464042647271397,16.0
ERR16054836,ERR16054838,0.22497374656087407,0.3198415256375348,1.0
ERR16054911,ERR16054914,0.878950996369192,0.8883436899744671,13.0
ERR16054962,ERR16054965,0.7595394236247028,0.0,1.0
ERR16054982,ERR16054986,0.9466475468417428,0.7287254326209327,5.0
ERR16055037,ERR16055039,0.45389863285298526,0.5605411661766341,7.0
ERR16055039,ERR16055043,0.5605411661766341,0.50109509943061,26.0
ERR16055088,ERR16055093,0.4250381742045857,0.9462806309466141,3.0
